CASE_ID,ACCIDENT_YEAR,PROC_DATE,JURIS,COLLISION_DATE,COLLISION_TIME,OFFICER_ID,REPORTING_DISTRICT,DAY_OF_WEEK,CHP_SHIFT,POPULATION,CNTY_CITY_LOC,SPECIAL_COND,BEAT_TYPE,CHP_BEAT_TYPE,CITY_DIVISION_LAPD,CHP_BEAT_CLASS,BEAT_NUMBER,PRIMARY_RD,SECONDARY_RD,DISTANCE,DIRECTION,INTERSECTION,WEATHER_1,WEATHER_2,STATE_HWY_IND,CALTRANS_COUNTY,CALTRANS_DISTRICT,STATE_ROUTE,ROUTE_SUFFIX,POSTMILE_PREFIX,POSTMILE,LOCATION_TYPE,RAMP_INTERSECTION,SIDE_OF_HWY,TOW_AWAY,COLLISION_SEVERITY,NUMBER_KILLED,NUMBER_INJURED,PARTY_COUNT,PRIMARY_COLL_FACTOR,PCF_CODE_OF_VIOL,PCF_VIOL_CATEGORY,PCF_VIOLATION,PCF_VIOL_SUBSECTION,HIT_AND_RUN,TYPE_OF_COLLISION,MVIW,PED_ACTION,ROAD_SURFACE,ROAD_COND_1,ROAD_COND_2,LIGHTING,CONTROL_DEVICE,CHP_ROAD_TYPE,PEDESTRIAN_ACCIDENT,BICYCLE_ACCIDENT,MOTORCYCLE_ACCIDENT,TRUCK_ACCIDENT,NOT_PRIVATE_PROPERTY,ALCOHOL_INVOLVED,STWD_VEHTYPE_AT_FAULT,CHP_VEHTYPE_AT_FAULT,COUNT_SEVERE_INJ,COUNT_VISIBLE_INJ,COUNT_COMPLAINT_PAIN,COUNT_PED_KILLED,COUNT_PED_INJURED,COUNT_BICYCLIST_KILLED,COUNT_BICYCLIST_INJURED,COUNT_MC_KILLED,COUNT_MC_INJURED,PRIMARY_RAMP,SECONDARY_RAMP,LATITUDE,LONGITUDE,COUNTY,CITY,POINT_X,POINT_Y
91392909,2021,2021-01-22,9295,2021-01-19,0015,019158,,2,3,9,0300,0,1,3,,1,064,SR-88,"KIRKWOOD MEADOWS DR",4500.00,W,N,G,-,Y,,,88,,,,,,,Y,4,0,1,1,A,-,03,22350,,N,E,I,A,A,H,-,D,D,0,,,,,Y,,D,22,0,0,1,0,0,0,0,0,0,"- ","- ",38.703468322753906,-120.09201812744141,AMADOR,UNINCORPORATED,-120.09201812744141,38.703449249267578
91621392,2021,2021-11-10,9295,2021-10-29,0415,019387,,5,3,9,0300,0,1,3,,1,031,"STATE ROUTE 88","JACKSON VALLEY ROAD",90.00,E,N,A,-,Y,,,88,,,,,,,Y,3,0,1,1,A,-,01,23152,A,N,E,8,A,A,H,-,C,D,0,,,,,Y,Y,D,22,0,1,0,0,0,0,0,0,0,"- ","- ",38.330421447753906,-120.90419006347656,AMADOR,UNINCORPORATED,-120.90435028076172,38.330894470214844
91513750,2021,2021-07-06,9295,2021-07-02,2110,019389,,5,2,9,0300,0,2,4,,1,045,"RIDGE RD","DAPPLE DR",1056.00,W,N,A,-,N,,,,,,,,,,Y,2,0,1,1,A,-,05,21650,,N,E,I,A,A,H,-,D,D,0,,,,,Y,,D,22,1,0,0,0,0,0,0,0,0,"- ","- ",38.410449981689453,-120.70709991455078,AMADOR,UNINCORPORATED,-120.7078857421875,38.410331726074219
91449359,2021,2021-04-13,9295,2021-04-05,1740,016661,,1,2,9,0300,0,3,5,,2,001,"FIDDLETOWN RD.","QUARTZ MOUNTAIN RD  N",7022.00,W,N,A,-,N,,,,,,,,,,Y,2,0,1,1,A,-,05,21650,,N,E,I,A,A,H,-,A,D,0,,,,,Y,,D,22,1,0,0,0,0,0,0,0,0,"- ","- ",38.504131317138672,-120.78317260742188,AMADOR,UNINCORPORATED,-120.78388214111328,38.503158569335938
91480342,2021,2021-05-27,9295,2021-05-23,0940,016245,,7,1,9,0300,0,1,3,,1,016,SR-16,"COPPER HILL RD.",1584.00,E,N,A,-,Y,,,16,,,,,,,Y,4,0,1,1,A,-,08,22107,,N,E,I,A,A,H,-,A,D,0,,,,,Y,,A,01,0,0,1,0,0,0,0,0,0,"- ","- ",38.482830047607422,-120.99939727783203,AMADOR,UNINCORPORATED,-120.99942779541016,38.482776641845703
91508854,2021,2021-06-29,9295,2021-06-24,0200,019389,,4,3,9,0300,0,3,5,,2,001,"LATROBE RD","LORENTZ RD",5280.00,N,N,A,-,N,,,,,,,,,,Y,2,0,2,1,A,-,05,21650,,N,E,I,A,A,H,-,D,D,0,,,,,Y,,A,07,2,0,0,0,0,0,0,0,0,"- ","- ",38.506851196289062,-120.94442749023438,AMADOR,UNINCORPORATED,-120.94493865966797,38.507377624511719
91646458,2021,2021-12-08,9295,2021-11-26,1815,019389,,5,2,9,0300,0,1,3,,1,053,SR-88,"RIDGE ROAD",2.00,W,N,A,-,Y,,,88,,,,,,,N,3,0,1,1,A,-,01,23152,A,N,E,I,A,A,H,-,C,A,0,,,,,Y,Y,A,01,0,1,0,0,0,0,0,0,0,"- ","- ",38.412609100341797,-120.66742706298828,AMADOR,UNINCORPORATED,-120.66748809814453,38.412731170654297
91707269,2021,2022-02-23,9295,2021-11-06,1623,019387,,6,2,9,0300,0,1,3,,1,041,"STATE ROUTE 16","LATROBE ROAD",3944.00,W,N,A,-,Y,,,16,,,,,,,Y,1,1,3,3,A,-,01,23152,G,N,A,C,A,A,H,-,A,D,0,,,,,Y,Y,A,01,0,2,1,0,0,0,0,0,0,"- ","- ",38.4593505859375,-120.93151092529297,AMADOR,UNINCORPORATED,-120.93148803710938,38.459423065185547
91456018,2021,2021-04-22,9295,2021-04-20,1510,018684,,2,2,9,0300,0,1,3,,1,042,SR-88,"BONNEFOY DR",142.00,W,N,A,-,Y,,,88,,,,,,,Y,3,0,2,2,A,-,01,23152,A,N,D,C,A,A,H,-,A,D,0,,,,,Y,Y,D,22,0,2,0,0,0,0,0,0,0,"- ","- ",38.360439300537109,-120.75171661376953,AMADOR,UNINCORPORATED,-120.75172424316406,38.360454559326172
91562163,2021,2021-09-03,9295,2021-08-19,0020,016994,,4,3,9,0300,0,1,3,,1,041,"SR-104 (LOWER RIDGE RD)",SR-88,237.00,S,N,B,-,N,,,104,,,,,,,Y,3,0,1,1,A,-,05,21650,,N,E,I,A,B,H,-,C,A,0,,,,,Y,,D,22,0,1,0,0,0,0,0,0,0,"- ","- ",38.359691619873047,-120.82127380371094,AMADOR,UNINCORPORATED,-120.82122802734375,38.359760284423828
91503200,2021,2021-06-22,9295,2021-06-12,1720,016994,,6,2,9,0300,0,3,5,,2,003,"CAMANCHE ROAD","CAMANCHE PARKWAY NORTH",0.00,,Y,A,-,Y,,,,,,,,,,Y,3,0,4,2,A,-,09,21802,A,N,D,C,A,A,H,-,A,A,0,,,,,Y,,A,07,0,2,2,0,0,0,0,0,0,"- ","- ",38.250408172607422,-120.94309997558594,AMADOR,UNINCORPORATED,-120.94307708740234,38.250331878662109
91640140,2021,2021-12-01,9295,2021-11-18,0440,018304,,4,3,9,0300,0,3,5,,2,002,SR-88,"SR-104 (RIDGE ROAD, LOWER)",18.00,W,N,B,-,Y,,,,,,,,,,Y,2,0,2,1,A,-,08,22107,,N,E,I,A,A,H,-,C,A,0,,,,,Y,,A,01,1,0,1,0,0,0,0,0,0,"- ","- ",38.819801330566406,-121.02760314941406,AMADOR,UNINCORPORATED,-120.82129669189453,38.359714508056641
91572075,2021,2021-09-16,9295,2021-09-03,1552,016799,,5,2,2,0303,0,3,5,,2,003,"STATE ROUTE 88","WICKLOW WAY",528.00,E,N,A,-,Y,,,,,,,,,,Y,3,0,6,4,A,-,09,21801,A,N,D,C,A,A,H,-,A,D,0,,,,,Y,,A,01,0,6,0,0,0,0,0,0,0,"- ","- ",38.362949371337891,-120.80294036865234,AMADOR,JACKSON,-120.80517578125,38.361835479736328
91661180,2021,2021-12-24,9295,2021-12-16,0757,016799,,4,1,9,0300,0,1,3,,1,031,"STATE HIGHWAY 88","BLUE SKY DR",45.00,W,N,B,-,Y,,,88,,,,,,,Y,4,0,1,3,A,-,03,22350,,N,C,C,A,B,H,-,A,D,0,,,,,Y,,A,01,0,0,1,0,0,0,0,0,0,"- ","- ",38.343868255615234,-120.87998199462891,AMADOR,UNINCORPORATED,-120.87998199462891,38.3438720703125
91385163,2021,2021-01-11,9295,2021-01-03,0014,018304,,7,3,9,0300,0,3,5,,2,005,"TABEAUD RD","SNOOKS LN",47.00,S,N,B,-,N,,,,,,,,,,Y,4,0,1,1,A,-,01,23152,A,N,E,I,A,B,H,-,D,D,0,,,,,Y,Y,A,01,0,0,1,0,0,0,0,0,0,"- ","- ",38.399440765380859,-120.64436340332031,AMADOR,UNINCORPORATED,-120.64422607421875,38.399429321289062
91625201,2021,2021-11-15,9295,2021-11-09,1340,016245,,2,1,9,0300,0,3,5,,2,003,"STONEY CREEK RD","ARGONAUT LANE",5808.00,S,N,B,C,N,,,,,,,,,,Y,3,0,2,2,A,-,03,22350,,N,A,C,A,B,H,-,A,D,0,,,,,Y,,A,01,0,1,1,0,0,0,0,0,0,"- ","- ",38.343700408935547,-120.80480194091797,AMADOR,UNINCORPORATED,-120.79186248779297,38.353790283203125
91399007,2021,2021-01-29,9295,2021-01-22,1940,019158,,5,2,9,0300,0,3,5,,2,004,"NEW YORK RANCH RD","RIDGE RD",1170.00,S,N,B,C,N,,,,,,,,,,Y,4,0,1,1,A,-,03,22350,,N,E,I,A,B,H,-,D,D,0,,,,,Y,,A,07,0,0,1,0,0,0,0,0,0,"- ","- ",38.397300720214844,-120.73336791992188,AMADOR,UNINCORPORATED,-120.7332763671875,38.397430419921875
91485047,2021,2021-05-28,9295,2021-05-18,1325,016245,,2,1,9,0300,0,1,3,,2,024,SR-124,"BUENA VISTA RD.",0.00,,Y,A,-,Y,,,124,,,,,,,Y,2,0,2,3,A,-,05,21752,D,N,C,C,A,A,H,-,A,A,0,,,Y,,Y,,C,02,2,0,0,0,0,0,0,0,2,"- ","- ",38.331378936767578,-120.93596649169922,AMADOR,UNINCORPORATED,-120.93595886230469,38.331378936767578
91618637,2021,2021-11-08,9295,2021-10-28,1500,019284,,4,2,9,0300,0,3,5,,2,004,"SUTTER CREEK ROAD","PINE GULCH ROAD",4752.00,W,N,A,-,N,,,,,,,,,,Y,4,0,1,2,A,-,05,21460,A,F,B,C,A,A,H,-,A,D,0,,,,,Y,,-,99,0,0,1,0,0,0,0,0,0,"- ","- ",38.398960113525391,-120.77719116210938,AMADOR,UNINCORPORATED,-120.77716827392578,38.398948669433594
91527339,2021,2021-07-23,9295,2021-07-13,1020,019387,,2,1,9,0300,0,1,3,,1,053,"STATE ROUTE 88","CEDAR HEIGHTS DR",1150.00,W,N,A,-,Y,,,88,,,,,,,Y,4,0,1,2,A,-,03,22350,,N,C,C,A,A,H,-,A,D,0,,,,Y,Y,,F,26,0,0,1,0,0,0,0,0,0,"- ","- ",38.435390472412109,-120.55883026123047,AMADOR,UNINCORPORATED,-120.558837890625,38.4354248046875
91571374,2021,2021-09-15,9295,2021-09-06,1030,016245,,1,1,9,0300,0,3,5,,2,002,"INDUSTRY DR","TOWER RD",280.00,E,N,A,-,N,,,,,,,,,,Y,3,0,1,1,A,-,03,22350,,N,E,I,A,D,H,-,A,A,0,,,,,Y,,A,01,0,1,0,0,0,0,0,0,0,"- ","- ",38.369670867919922,-120.80137634277344,AMADOR,UNINCORPORATED,,
9320130,2021,2022-02-17,0303,2021-09-24,0409,X7501,JKC,5,5,2,0303,0,0,0,,0,JKC,"PITT ST","PITT ST 420",0.00,,N,A,-,N,,,,,,,,,,Y,2,0,1,2,A,-,01,23152,A,N,A,I,A,A,H,-,D,D,0,,,,,Y,Y,M,96,1,0,0,0,0,0,0,0,0,"- ","- ",38.350250244140625,-120.76907348632812,AMADOR,JACKSON,,
91588441,2021,2021-10-05,9295,2021-09-28,2135,018304,,2,2,9,0300,0,3,5,,2,005,"PINE GROVE VOLCANO RD","CRESTVIEW DR",451.00,N,N,A,-,N,,,,,,,,,,Y,3,0,1,1,A,-,05,21650,,N,E,I,A,A,H,-,D,D,0,,,,,Y,,D,22,0,1,0,0,0,0,0,0,0,"- ","- ",38.414588928222656,-120.65338897705078,AMADOR,UNINCORPORATED,-120.65351867675781,38.414745330810547
91639412,2021,2021-12-01,9295,2021-11-18,1730,019229,,4,2,9,0300,0,3,5,,2,005,"RAMS HORN GRADE","SHAKE RIDGE ROAD",6864.00,S,N,B,-,N,,,,,,,,,,N,2,0,1,2,A,-,03,22350,,N,C,G,A,A,H,-,B,D,0,,Y,,,Y,,D,22,1,0,0,0,0,0,1,0,0,"- ","- ",38.459178924560547,-120.62081909179688,AMADOR,UNINCORPORATED,-120.61971282958984,38.458541870117188
91557306,2021,2021-08-27,9295,2021-08-20,1550,019158,,5,2,9,0300,0,1,3,,1,049,SR-49,"MIDDLE BAR RD",1950.00,S,N,A,-,Y,,,49,,,,,,,Y,2,0,5,2,A,-,08,22107,,N,D,C,A,A,H,-,A,D,0,,,,Y,Y,,A,08,1,0,4,0,0,0,0,0,0,"- ","- ",38.328998565673828,-120.74771118164062,AMADOR,UNINCORPORATED,-120.74769592285156,38.329013824462891
91432593,2021,2021-03-22,9295,2021-03-11,1735,016994,,4,2,9,0300,0,3,5,,2,004,"TRADE CENTER DR",SR-49,216.00,E,N,B,-,N,,,,,,,,,,N,3,0,1,3,A,-,03,22350,,N,H,B,D,A,H,-,A,D,0,Y,,,,Y,,A,07,0,1,0,0,1,0,0,0,0,"- ","- ",38.370800018310547,-120.79781341552734,AMADOR,UNINCORPORATED,-120.79783630371094,38.370750427246094
91489547,2021,2021-06-04,9295,2021-05-28,1310,019003,,5,1,9,0300,0,1,3,,1,053,SR-88,"SUGAR PINE DR",1056.00,E,N,A,-,Y,,,88,,,,,,,Y,3,0,1,1,A,-,05,21650,,N,F,A,A,A,H,-,A,D,0,,,,,Y,Y,D,22,0,1,0,0,0,0,0,0,0,"- ","- ",38.471900939941406,-120.52706909179688,AMADOR,UNINCORPORATED,-120.52699279785156,38.471908569335938
91469064,2021,2021-05-27,9295,2021-04-25,1945,016661,,7,2,9,0300,0,1,3,,1,053,"SR 88","RANCH RD",951.00,W,N,A,C,N,,,88,,,,,,,Y,2,0,1,1,A,-,01,23152,A,N,E,I,A,B,H,-,D,D,0,,,,,Y,Y,A,01,1,0,0,0,0,0,0,0,0,"- ","- ",38.407711029052734,-120.62036895751953,AMADOR,UNINCORPORATED,-120.62046051025391,38.407756805419922
91663699,2021,2021-12-28,9295,2021-12-20,1105,016245,,1,1,9,0300,0,1,3,,1,031,SR-88,"SUTTER CREEK RANCHOS RD",64.00,E,N,A,-,Y,,,88,,,,,,,Y,3,0,1,1,C,-,18,,,N,F,A,A,A,H,-,A,D,0,,,,,Y,,-,"- ",0,1,0,0,0,0,0,0,0,"- ","- ",38.344039916992188,-120.86473083496094,AMADOR,UNINCORPORATED,-120.86473083496094,38.344066619873047
91555062,2021,2021-08-26,9295,2021-08-17,1815,016661,,2,2,9,0300,0,3,5,,2,002,"SUTTER IONE RD","RT 49",7392.00,W,N,A,-,N,,,,,,,,,,Y,3,0,1,1,A,-,08,22107,,N,E,I,A,A,H,-,A,D,0,,,,,Y,,A,01,0,1,0,0,0,0,0,0,0,"- ","- ",38.399520874023438,-120.84387969970703,AMADOR,UNINCORPORATED,-120.8433837890625,38.399871826171875
91430293,2021,2021-03-18,9295,2021-02-22,2145,015691,,1,2,9,0300,0,1,3,,2,055,SR-26,"BOBBIE LANE",634.00,S,N,A,-,Y,,,26,,,,,,,Y,3,0,1,1,A,-,05,21650,,N,E,I,A,A,H,-,D,D,0,,,,,Y,,A,07,0,1,0,0,0,0,0,0,0,"- ","- ",38.41619873046875,-120.58242797851562,AMADOR,UNINCORPORATED,-120.58243560791016,38.416206359863281
91464182,2021,2021-05-27,9295,2021-04-26,0400,016245,,1,3,9,0300,0,1,3,,1,049,SR-49,"MAIN ST",67.00,N,N,B,C,Y,,,49,,,,,,,Y,3,0,2,1,A,-,03,22350,,N,E,I,A,B,H,-,D,D,0,,,,,Y,,A,01,0,2,0,0,0,0,0,0,0,"- ","- ",38.441131591796875,-120.85498046875,AMADOR,UNINCORPORATED,-120.85509490966797,38.441085815429688
91521396,2021,2021-07-15,9295,2021-07-04,0830,019003,,7,1,9,0300,0,2,4,,1,045,"RIDGE RD","SURREY JUNCTION RD",452.00,W,N,A,-,N,,,,,,,,,,Y,2,0,4,2,A,-,03,22350,,N,C,C,A,A,H,-,A,D,0,,,,,Y,,D,22,1,0,3,0,0,0,0,0,0,"- ","- ",38.406040191650391,-120.71337890625,AMADOR,UNINCORPORATED,-120.71326446533203,38.406143188476562
91439728,2021,2021-03-30,9295,2021-03-25,1835,015885,,4,2,9,0300,0,1,3,,1,064,"SR-88 W/B","PEDDLER HILL MAINTENANCE STATION",3960.00,W,N,D,-,Y,,,,,,,,,,Y,4,0,2,1,A,-,08,22107,,N,E,I,A,C,H,-,C,D,0,,,,,Y,,D,22,0,0,2,0,0,0,0,0,0,"- ","- ",38.3406982421875,-120.15499877929688,AMADOR,UNINCORPORATED,-120.26412200927734,38.570388793945312
91513727,2021,2021-07-06,9295,2021-06-27,1120,016661,,7,1,9,0300,0,3,5,,2,003,"BUENA VISTA RD","JACKSON VALLEY RD",200.00,S,N,A,-,N,,,,,,,,,,Y,3,0,2,2,A,-,03,22350,,N,C,C,A,A,H,-,A,D,0,,,,,Y,,D,22,0,1,1,0,0,0,0,0,0,"- ","- ",38.293979644775391,-120.91352081298828,AMADOR,UNINCORPORATED,-120.91348266601562,38.293849945068359
91490555,2021,2021-06-07,9295,2021-05-23,1640,019284,,7,2,9,0300,0,3,5,,2,001,"FIDDLETOWN ROAD","QUARTZ MOUNTAIN RD  N",370.00,E,N,A,-,N,,,,,,,,,,Y,4,0,1,2,A,-,05,21460,A,N,A,C,A,A,H,-,A,D,0,,,,,Y,,A,01,0,0,1,0,0,0,0,0,0,"- ","- ",38.505321502685547,-120.76496887207031,AMADOR,UNINCORPORATED,-120.76493072509766,38.505329132080078
91589587,2021,2021-10-06,9295,2021-09-29,1240,016799,,3,1,9,0300,0,3,5,,2,004,"UPPER PREVITALI ROAD","PREVITALI RD",94.00,S,N,A,-,N,,,,,,,,,,Y,3,0,1,1,A,-,08,22107,,N,E,I,A,A,H,-,A,D,0,,,,,Y,,A,07,0,1,0,0,0,0,0,0,0,"- ","- ",38.819801330566406,-121.02760314941406,AMADOR,UNINCORPORATED,-120.70763397216797,38.363914489746094
91602658,2021,2021-10-21,9295,2021-10-08,0015,019387,,5,3,9,0300,0,3,5,,2,002,"CARBONDALE ROAD","RANDOLPH RANCH ROAD",1075.00,N,N,B,-,N,,,,,,,,,,Y,3,0,1,1,A,-,01,23152,A,M,E,I,A,A,H,-,D,D,0,,,,,Y,Y,D,22,0,1,0,0,0,0,0,0,0,"- ","- ",38.435398101806641,-120.99173736572266,AMADOR,UNINCORPORATED,,
91420694,2021,2021-03-04,9295,2021-02-24,0008,016994,,3,3,9,0300,0,1,3,,1,042,SR-88,"ROSSBRIDGE RD",1056.00,E,N,A,-,Y,,,88,,,,,,,Y,3,0,1,1,A,-,05,21650,,N,E,I,A,A,H,-,E,D,0,,,,,Y,,A,01,0,1,0,0,0,0,0,0,0,"- ","- ",38.363338470458984,-120.72245025634766,AMADOR,UNINCORPORATED,-120.72246551513672,38.363426208496094
91510919,2021,2021-07-01,9295,2021-06-28,1515,018684,,1,2,9,0300,0,3,5,,2,005,"IRISH TOWN RD","CLINTON RD",750.00,E,N,B,-,N,,,,,,,,,,N,3,0,1,1,C,-,18,,,N,H,H,A,A,H,-,A,D,0,,,,,Y,,-,"- ",0,1,0,0,0,0,0,0,0,"- ","- ",38.390689849853516,-120.67328643798828,AMADOR,UNINCORPORATED,-120.67323303222656,38.390598297119141
91433132,2021,2021-03-23,9295,2021-03-20,1055,019003,,6,1,9,0300,0,1,3,,1,053,SR-88,"HOMESTEAD RD",15.00,E,N,A,-,Y,,,88,,,,,,,Y,3,0,1,1,A,-,01,23152,A,N,E,I,A,A,H,-,A,D,0,,,,,Y,Y,D,22,0,1,0,0,0,0,0,0,0,"- ","- ",38.408279418945312,-120.62033843994141,AMADOR,UNINCORPORATED,-120.62021636962891,38.408210754394531
91613619,2021,2021-11-02,9295,2021-10-30,1620,019158,,6,2,9,0300,0,1,3,,1,053,SR-88,"E MEADOW DRIVE",0.00,,Y,A,-,Y,,,88,,,,,,,Y,2,0,1,2,A,-,09,21801,A,F,E,I,A,A,H,-,A,D,0,,,,,Y,,D,22,1,0,0,0,0,0,0,0,0,"- ","- ",38.455661773681641,-120.53118896484375,AMADOR,UNINCORPORATED,-120.53108215332031,38.455715179443359
91385383,2021,2021-01-11,9295,2021-01-02,2140,018304,,6,2,9,0300,0,3,5,,2,003,"BUENA VISTA RD","JACKSON VALLEY RD",555.00,N,N,B,-,N,,,,,,,,,,Y,2,0,4,1,A,-,05,21650,,N,E,I,A,B,H,-,D,D,0,,,,,Y,,A,01,1,3,0,0,0,0,0,0,0,"- ","- ",38.296001434326172,-120.91355133056641,AMADOR,UNINCORPORATED,-120.91347503662109,38.295921325683594
91577802,2021,2021-09-23,9295,2021-09-17,1845,014943,,5,2,9,0300,0,3,5,,2,003,"JACKSON VALLEY RD","LAKE AMADOR RD",1584.00,E,N,A,-,N,,,,,,,,,,N,4,0,1,1,A,-,01,23152,A,N,E,I,A,A,H,-,B,D,0,,,,,Y,Y,A,07,0,0,1,0,0,0,0,0,0,"- ","- ",38.308658599853516,-120.90043640136719,AMADOR,UNINCORPORATED,-120.90019226074219,38.301261901855469
91392617,2021,2021-01-22,9295,2021-01-21,1250,019003,,4,1,9,0300,0,3,5,,2,004,"SUTTER CREEK RD","PINE GULCH RD",4752.00,W,N,A,-,N,,,,,,,,,,Y,3,0,1,2,A,-,01,23152,A,N,A,C,A,A,H,-,A,D,0,,,,,Y,Y,A,07,0,1,0,0,0,0,0,0,0,"- ","- ",38.399528503417969,-120.77719116210938,AMADOR,UNINCORPORATED,-120.77716827392578,38.398948669433594
91422341,2021,2021-03-08,9295,2021-02-28,0940,019003,,7,1,9,0300,0,1,3,,1,064,SR-88,"ELLIS RD",9504.00,W,N,A,-,Y,,,88,,,,,,,Y,3,0,1,1,A,-,05,21650,,N,E,I,A,A,H,-,A,D,0,,,,,Y,,A,01,0,1,0,0,0,0,0,0,0,"- ","- ",38.545501708984375,-120.33785247802734,AMADOR,UNINCORPORATED,-120.33781433105469,38.545387268066406
9280174,2021,2021-06-21,0303,2021-05-17,1145,D1590,JKC,1,5,2,0303,0,0,0,,0,JKC,"MAIN ST","RT 49",0.00,,Y,A,-,Y,AMA,10,49,-,-,4.320,I,5,N,Y,4,0,1,2,A,-,03,22350,,N,C,C,A,A,H,-,A,A,0,,,,,Y,,A,07,0,0,1,0,0,0,0,0,0,"- ","- ",39.306568145751953,-123.79360961914062,AMADOR,JACKSON,-120.77541351318359,38.350418090820312
91427562,2021,2021-03-15,9295,2021-03-13,1935,018684,,6,2,9,0300,0,3,5,,2,002,"INDUSTRY BLVD","PROSPECT DR",50.00,E,N,A,-,N,,,,,,,,,,N,4,0,2,2,A,-,09,21800,A,N,C,C,A,A,H,-,D,D,0,,,,,Y,,D,22,0,0,2,0,0,0,0,0,0,"- ","- ",38.369789123535156,-120.80033874511719,AMADOR,UNINCORPORATED,-120.80032348632812,38.369834899902344
91468912,2021,2021-05-27,9295,2021-05-03,2200,018304,,1,3,9,0300,0,3,5,,2,001,"LATROBE RD","EL DORADO COUNTY LINE",2112.00,S,N,A,-,N,,,,,,,,,,Y,3,0,1,1,A,-,08,22107,,N,E,I,A,A,H,-,D,D,0,,,,,Y,Y,A,01,0,1,0,0,0,0,0,0,0,"- ","- ",38.517490386962891,-120.95237731933594,AMADOR,UNINCORPORATED,,
91652240,2021,2021-12-14,9295,2021-12-04,2310,020459,,6,3,9,0300,0,3,5,,2,003,"COAL MINE ROAD","BUENA VISTA ROAD",0.00,,Y,A,-,N,,,,,,,,,,Y,4,0,2,2,A,-,09,21802,A,N,A,C,A,A,H,-,D,A,0,,,,,Y,,D,22,0,0,2,0,0,0,0,0,0,"- ","- ",38.287181854248047,-120.91172027587891,AMADOR,UNINCORPORATED,-120.91158294677734,38.287189483642578
91503899,2021,2021-06-23,9295,2021-06-15,0425,018304,,2,3,9,0300,0,1,3,,1,064,SR-88,"BEAR RIVER RD",631.00,W,N,A,-,N,,,88,,,,,,,Y,4,0,1,1,A,-,08,22107,,N,E,I,A,A,H,-,D,D,0,,,,,Y,,A,01,0,0,1,0,0,0,0,0,0,"- ","- ",38.558490753173828,-120.28201293945312,AMADOR,UNINCORPORATED,-120.28199005126953,38.558452606201172
91553090,2021,2021-08-24,9295,2021-08-12,0555,014943,,4,3,9,0300,0,1,3,,1,053,SR-88,"SILVER DR",2112.00,W,N,A,-,Y,,,88,,,,,,,Y,3,0,1,1,A,-,05,21650,,N,E,I,A,A,H,-,A,A,0,,,,,Y,,E,22,0,1,0,0,0,0,0,0,0,"- ","- ",38.449710845947266,-120.52752685546875,AMADOR,UNINCORPORATED,-120.52758026123047,38.449718475341797
91619280,2021,2021-11-08,9295,2021-11-02,2035,019284,,2,2,9,0300,0,3,5,,2,004,"SUTTER CREEK RD","PINE GULCH RD",4752.00,W,N,A,-,N,,,,,,,,,,Y,4,0,1,1,A,-,03,22350,,N,E,I,A,A,H,-,D,D,0,,,,,Y,Y,D,22,0,0,1,0,0,0,0,0,0,"- ","- ",38.398750305175781,-120.77700042724609,AMADOR,UNINCORPORATED,-120.77716827392578,38.398948669433594
91427549,2021,2021-03-15,9295,2021-03-08,1800,018684,,1,2,9,0300,0,1,3,,1,053,SR-88,"CEDAR HEIGHTS DR",1500.00,E,N,B,-,Y,,,88,,,,,,,Y,4,0,1,2,A,-,05,21460,A,M,F,A,A,A,H,-,B,D,0,,,,,Y,,A,01,0,0,1,0,0,0,0,0,0,"- ","- ",38.435821533203125,-120.54801177978516,AMADOR,UNINCORPORATED,-120.54802703857422,38.435928344726562